{
    "segmentation": [
        [
            0,
            0.25
        ],
        [
            27.77106575963719,
            0.5
        ],
        [
            45.92907029478458,
            0.5
        ],
        [
            64.52825396825396,
            0.5
        ],
        [
            83.66149659863946,
            0.25
        ],
        [
            91.67238095238095,
            0.5
        ],
        [
            101.958820861678,
            0.5
        ],
        [
            119.6756462585034,
            0.75
        ],
        [
            155.62013605442178,
            0.25
        ],
        [
            164.7455782312925,
            0.5
        ],
        [
            173.941,
            0.5
        ],
        [
            192.864,
            0.5
        ],
        [
            208.828,
            0.25
        ]
    ],
    "start": 0,
    "tempo": 105
}