{
    "segmentation": [
        [
            0,
            0.25
        ],
        [
            14.55891156462585,
            0.25
        ],
        [
            32.97233560090703,
            0.5
        ],
        [
            50.155102040816324,
            0.25
        ],
        [
            66.6877097505669,
            0.25
        ],
        [
            73.79301587301588,
            0.25
        ],
        [
            82.5469387755102,
            0.25
        ],
        [
            99.56716553287981,
            0.5
        ],
        [
            115.19419501133787,
            0.5
        ],
        [
            123.75927437641724,
            0.5
        ],
        [
            140.9683446712018,
            0.75
        ],
        [
            149.95446712018142,
            0.75
        ],
        [
            174.4701133786848,
            0.75
        ],
        [
            189.7534693877551,
            0.75
        ],
        [
            223.68090702947845,
            0.5
        ]
    ],
    "start": 0,
    "tempo": 116
}