{
    "segmentation": [
        [
            0,
            0
        ],
        [
            16.904126984126986,
            0.5
        ],
        [
            32.55437641723356,
            0.5
        ],
        [
            50.148,
            0.25
        ],
        [
            56.633,
            0.75
        ],
        [
            66.22331065759637,
            0.75
        ],
        [
            92.093,
            0.5
        ],
        [
            108.601,
            0.5
        ],
        [
            125.245,
            0.25
        ],
        [
            133.589,
            0.75
        ],
        [
            140.165,
            0.75
        ],
        [
            158.243,
            0.75
        ],
        [
            167.372,
            0.5
        ],
        [
            192.513,
            0.5
        ],
        [
            204.753,
            0.75
        ],
        [
            225.622,
            0.75
        ],
        [
            231.654,
            0.75
        ]
    ],
    "start": 0,
    "tempo": 115
}